experiment,points,time
1,100,0.017391204833984375
1,500,0.02031874656677246
1,1000,0.02669048309326172
1,5000,0.07863211631774902
1,10000,0.14011359214782715
1,50000,0.7475533485412598
1,100000,1.37778639793396
1,500000,7.071700096130371
1,1000000,13.677462577819824
1,5000000,69.11227607727051
1,10000000,144.2363965511322
