experiment,points,time
1,100,0.014090538024902344
1,200,0.015238046646118164
1,400,0.016552209854125977
1,800,0.023006200790405273
1,1600,0.033074140548706055
1,3200,0.054366350173950195
1,6400,0.09417414665222168
1,12800,0.20816993713378906
1,25600,0.33868885040283203
1,51200,0.6966657638549805
1,102400,1.3851687908172607
1,204800,2.8378214836120605
1,409600,5.659552335739136
1,819200,11.356400489807129
